{
  "a2CTemplateVersion": "1.0",
  "createdTime": "2024-11-13-13:41:01",
  "containerParameters": {
    "_comment": "*** EDITABLE: The below section can be edited according to the application requirements. Please see the Analysis Results section further below for details discovered regarding the application. ***",
    "containerBaseImage": "",
    "imageRepositoryName": "iis-containerizationdemo-6586c079",
    "imageTag": "latest",
    "additionalExposedPorts": [
      
    ],
    "appIncludedFiles": [
      
    ],
    "appExcludedFiles": [
      
    ],
    "enableLogging": false,
    "includedWebApps": [
      
    ],
    "additionalApps": [
      
    ],
    "applicationPort": 8081,
    "enableServerConfigurationUpdates": true
  },
  "analysisInfo": {
    "_comment": "*** NON-EDITABLE: Analysis Results ***",
    "hostInfo": {
      "os": "Microsoft Windows Server 2022 Standard Evaluation",
      "osVersion": "10.0.20348",
      "osWindowsDirectory": "C:\\Windows",
      "arch": "64-bit"
    },
    "appId": "iis-containerizationdemo-6586c079",
    "appServerIp": "localhost",
    "appType": "IIS",
    "appName": "ContainerizationDemo",
    "ports": [
      {
        "localPort": 8081,
        "protocol": "http"
      }
    ],
    "features": [
      "Web-Mgmt-Tools",
      "Web-Mgmt-Console",
      "Containers",
      "Windows-Defender",
      "XPS-Viewer"
    ],
    "appPoolName": "ContainerizationDemo",
    "poolIdentityType": "ApplicationPoolIdentity",
    "dotNetVersion": "v4.0",
    "iisVersion": "IIS 10.0",
    "sitePhysicalPath": "C:\\inetpub\\wwwroot\\MyApp",
    "discoveredWebApps": [
      
    ],
    "reportPath": "C:\\Users\\Administrator\\Artifacts\\iis-containerizationdemo-6586c079\\report.txt",
    "siteUsesWindowsAuth": false,
    "serverBackupFile": "C:\\Users\\Administrator\\Documents\\Web Deploy Backups\\WIN-25MGNOGKHAD_WebServer_20241113134100.zip"
  }
}
