{
       "a2CTemplateVersion": "1.0",
       "applicationId": "iis-containerizationdemo-6586c079",
       "imageName": "iis-containerizationdemo-6586c079",
       "exposedPorts": [
              {
                     "localPort": 8081,
                     "protocol": "http"
              }
       ],
       "environment": [],
       "ecrParameters": {
              "ecrRepoTag": "latest"
       },
       "ecsParameters": {
              "createEcsArtifacts": false,
              "ecsFamily": "iis-containerizationdemo-6586c079",
              "cpu": 2,
              "memory": 4096,
              "dockerSecurityOption": "",
              "enableCloudwatchLogging": false,
              "publicApp": true,
              "stackName": "a2c-iis-containerizationdemo-6586c079-ECS",
              "resourceTags": [
                     {
                            "key": "example-key",
                            "value": "example-value"
                     }
              ],
              "reuseResources": {
                     "vpcId": "",
                     "reuseExistingA2cStack": {
                            "cfnStackName": "",
                            "microserviceUrlPath": ""
                     },
                     "sshKeyPairName": "",
                     "acmCertificateArn": ""
              },
              "gMSAParameters": {
                     "domainSecretsArn": "",
                     "domainDNSName": "",
                     "domainNetBIOSName": "",
                     "createGMSA": false,
                     "gMSAName": ""
              },
              "deployTarget": "FARGATE",
              "dependentApps": []
       },
       "eksParameters": {
              "createEksArtifacts": true,
              "cpu": 1.5,
              "memory": 3072,
              "stackName": "a2c-iis-containerizationdemo-6586c079-EKS",
              "reuseResources": {
                     "vpcId": "",
                     "reuseExistingA2cStack": {
                            "cfnStackName": ""
                     },
                     "sshKeyPairName": "",
                     "rootDomain": "",
                     "acmCertificateArn": ""
              },
              "gMSAParameters": {
                     "domainSecretsArn": "",
                     "domainDNSName": "",
                     "domainNetBIOSName": "",
                     "createGMSA": false,
                     "gMSAName": ""
              },
              "ingress": "alb",
              "dnsRecordName": "",
              "applicationPath": "/",
              "resourceTags": [
                     {
                            "key": "example-key",
                            "value": "example-value"
                     }
              ],
              "dependentApps": []
       }
}