{
	"a2CTemplateVersion": "1.0",
	"sourceInfo": {
		"CodeCommit": {
			"enabled": true,
			"repositoryName": "a2c-iis-containerizationdemo-6586c079-eks",
			"branch": "main"
		},
		"ExistingGitRepo": {
			"enabled": false,
			"repositoryUri": "",
			"branch": "",
			"sshKeyArn": ""
		},
		"AzureRepo": {
			"enabled": false,
			"repositoryName": "a2c-iis-containerizationdemo-6586c079",
			"branch": "main"
		}
	},
	"imageInfo": {
		"image": "194722421770.dkr.ecr.eu-north-1.amazonaws.com/iis-containerizationdemo-6586c079:latest"
	},
	"releaseInfo": {
		"EKS": {
			"beta": {
				"clusterName": "",
				"enabled": false
			},
			"prod": {
				"clusterName": "",
				"enabled": false
			}
		}
	},
	"resourceTags": [
		{
			"key": "example-key",
			"value": "example-value"
		}
	],
	"pipelineInfo": {
		"CodePipeline": {
			"enabled": true
		},
		"Jenkins": {
			"enabled": false,
			"jenkinsServerUrl": "",
			"nodeLabels": [],
			"apiTokenArn": "",
			"repoSshCredentialId": "",
			"awsCredentialId": ""
		},
		"AzureDevOps": {
			"enabled": false,
			"organizationName": "",
			"projectName": "",
			"serviceCredName": "",
			"agentPoolName": "Azure Pipelines",
			"personalAccessTokenArn": ""
		}
	}
}